-- phpMyAdmin SQL Dump
-- version 4.9.5deb2
-- https://www.phpmyadmin.net/
--
-- Host: localhost:3306
-- Generation Time: Jun 09, 2020 at 05:28 PM
-- Server version: 5.7.30-0ubuntu0.18.04.1
-- PHP Version: 7.4.5

SET SQL_MODE = "NO_AUTO_VALUE_ON_ZERO";
SET AUTOCOMMIT = 0;
START TRANSACTION;
SET time_zone = "+00:00";


/*!40101 SET @OLD_CHARACTER_SET_CLIENT=@@CHARACTER_SET_CLIENT */;
/*!40101 SET @OLD_CHARACTER_SET_RESULTS=@@CHARACTER_SET_RESULTS */;
/*!40101 SET @OLD_COLLATION_CONNECTION=@@COLLATION_CONNECTION */;
/*!40101 SET NAMES utf8mb4 */;

--
-- Database: `gdocument_base`
--

--
-- Dumping data for table `campo_formulario`
--

INSERT INTO `campo_formulario` (`id`, `formulario_id`, `lista_id`, `entidad_id`, `campo`, `tipo_campo`, `valor_cuadro_texto`, `posicion`, `valor_minimo`, `longitud`, `obligatorio`, `indice`, `imprime_sticker`, `posicion_sticker`, `ayuda`, `item_tabla_defecto`, `valor_defecto`, `item_lista_defecto`, `mostrar_front`, `posicion_front`, `estado_id`, `campo_formulario_id`, `campo_unico`, `oculto_al_radicar`) VALUES
(1, 1, NULL, NULL, 'Descripción de la tarea', 'TextoCorto', 'Descripción', 1, 5, 255, 1, 0, 1, 1, 'Detalle brevemente la tarea a realizar.', NULL, '', NULL, 1, NULL, 1, NULL, NULL, NULL),
(2, 1, NULL, NULL, 'Fecha de vencimiento', 'Fecha', 'Fecha de vencimiento', 2, NULL, NULL, 1, 0, 0, 2, 'Fecha en que la tarea debe estar lista.', NULL, '', NULL, 1, NULL, 1, NULL, NULL, NULL),
(3, 1, 1, NULL, 'Estado de la tarea', 'Lista', 'Estado', 3, NULL, NULL, 1, 0, 0, NULL, ' ', NULL, '', NULL, 1, NULL, 1, NULL, NULL, NULL);

--
-- Dumping data for table `cargo`
--

INSERT INTO `cargo` (`id`, `nombre`, `estado_id`) VALUES
(1, 'Administrador del Sistema', 1);

--
-- Dumping data for table `ciudad`
--

INSERT INTO `ciudad` (`id`, `nombre`, `codigo`, `estado_id`) VALUES
(1, 'Medellín - ANTIOQUIA', '5001', 1),
(2, 'Abejorral - ANTIOQUIA', '5002', 1),
(3, 'Abriaquí - ANTIOQUIA', '5004', 1),
(4, 'Alejandría - ANTIOQUIA', '5021', 1),
(5, 'Amagá - ANTIOQUIA', '5030', 1),
(6, 'Amalfi - ANTIOQUIA', '5031', 1),
(7, 'Andes - ANTIOQUIA', '5034', 1),
(8, 'Angelópolis - ANTIOQUIA', '5036', 1),
(9, 'Angostura - ANTIOQUIA', '5038', 1),
(10, 'Anorí - ANTIOQUIA', '5040', 1),
(11, 'Santafé De Antioquia - ANTIOQUIA', '5042', 1),
(12, 'Anza - ANTIOQUIA', '5044', 1),
(13, 'Apartadó - ANTIOQUIA', '5045', 1),
(14, 'Arboletes - ANTIOQUIA', '5051', 1),
(15, 'Argelia - ANTIOQUIA', '5055', 1),
(16, 'Armenia - ANTIOQUIA', '5059', 1),
(17, 'Barbosa - ANTIOQUIA', '5079', 1),
(18, 'Belmira - ANTIOQUIA', '5086', 1),
(19, 'Bello - ANTIOQUIA', '5088', 1),
(20, 'Betania - ANTIOQUIA', '5091', 1),
(21, 'Betulia - ANTIOQUIA', '5093', 1),
(22, 'Ciudad Bolívar - ANTIOQUIA', '5101', 1),
(23, 'Briceño - ANTIOQUIA', '5107', 1),
(24, 'Buriticá - ANTIOQUIA', '5113', 1),
(25, 'Cáceres - ANTIOQUIA', '5120', 1),
(26, 'Caicedo - ANTIOQUIA', '5125', 1),
(27, 'Caldas - ANTIOQUIA', '5129', 1),
(28, 'Campamento - ANTIOQUIA', '5134', 1),
(29, 'Cañasgordas - ANTIOQUIA', '5138', 1),
(30, 'Caracolí - ANTIOQUIA', '5142', 1),
(31, 'Caramanta - ANTIOQUIA', '5145', 1),
(32, 'Carepa - ANTIOQUIA', '5147', 1),
(33, 'El Carmen De Viboral - ANTIOQUIA', '5148', 1),
(34, 'Carolina - ANTIOQUIA', '5150', 1),
(35, 'Caucasia - ANTIOQUIA', '5154', 1),
(36, 'Chigorodó - ANTIOQUIA', '5172', 1),
(37, 'Cisneros - ANTIOQUIA', '5190', 1),
(38, 'Cocorná - ANTIOQUIA', '5197', 1),
(39, 'Concepción - ANTIOQUIA', '5206', 1),
(40, 'Concordia - ANTIOQUIA', '5209', 1),
(41, 'Copacabana - ANTIOQUIA', '5212', 1),
(42, 'Dabeiba - ANTIOQUIA', '5234', 1),
(43, 'Donmatías - ANTIOQUIA', '5237', 1),
(44, 'Ebéjico - ANTIOQUIA', '5240', 1),
(45, 'El Bagre - ANTIOQUIA', '5250', 1),
(46, 'Entrerrios - ANTIOQUIA', '5264', 1),
(47, 'Envigado - ANTIOQUIA', '5266', 1),
(48, 'Fredonia - ANTIOQUIA', '5282', 1),
(49, 'Frontino - ANTIOQUIA', '5284', 1),
(50, 'Giraldo - ANTIOQUIA', '5306', 1),
(51, 'Girardota - ANTIOQUIA', '5308', 1),
(52, 'Gómez Plata - ANTIOQUIA', '5310', 1),
(53, 'Granada - ANTIOQUIA', '5313', 1),
(54, 'Guadalupe - ANTIOQUIA', '5315', 1),
(55, 'Guarne - ANTIOQUIA', '5318', 1),
(56, 'Guatape - ANTIOQUIA', '5321', 1),
(57, 'Heliconia - ANTIOQUIA', '5347', 1),
(58, 'Hispania - ANTIOQUIA', '5353', 1),
(59, 'Itagui - ANTIOQUIA', '5360', 1),
(60, 'Ituango - ANTIOQUIA', '5361', 1),
(61, 'Jardín - ANTIOQUIA', '5364', 1),
(62, 'Jericó - ANTIOQUIA', '5368', 1),
(63, 'La Ceja - ANTIOQUIA', '5376', 1),
(64, 'La Estrella - ANTIOQUIA', '5380', 1),
(65, 'La Pintada - ANTIOQUIA', '5390', 1),
(66, 'La Unión - ANTIOQUIA', '5400', 1),
(67, 'Liborina - ANTIOQUIA', '5411', 1),
(68, 'Maceo - ANTIOQUIA', '5425', 1),
(69, 'Marinilla - ANTIOQUIA', '5440', 1),
(70, 'Montebello - ANTIOQUIA', '5467', 1),
(71, 'Murindó - ANTIOQUIA', '5475', 1),
(72, 'Mutatá - ANTIOQUIA', '5480', 1),
(73, 'Nariño - ANTIOQUIA', '5483', 1),
(74, 'Necoclí - ANTIOQUIA', '5490', 1),
(75, 'Nechí - ANTIOQUIA', '5495', 1),
(76, 'Olaya - ANTIOQUIA', '5501', 1),
(77, 'Peñol - ANTIOQUIA', '5541', 1),
(78, 'Peque - ANTIOQUIA', '5543', 1),
(79, 'Pueblorrico - ANTIOQUIA', '5576', 1),
(80, 'Puerto Berrío - ANTIOQUIA', '5579', 1),
(81, 'Puerto Nare - ANTIOQUIA', '5585', 1),
(82, 'Puerto Triunfo - ANTIOQUIA', '5591', 1),
(83, 'Remedios - ANTIOQUIA', '5604', 1),
(84, 'Retiro - ANTIOQUIA', '5607', 1),
(85, 'Rionegro - ANTIOQUIA', '5615', 1),
(86, 'Sabanalarga - ANTIOQUIA', '5628', 1),
(87, 'Sabaneta - ANTIOQUIA', '5631', 1),
(88, 'Salgar - ANTIOQUIA', '5642', 1),
(89, 'San Andrés De Cuerquía - ANTIOQUIA', '5647', 1),
(90, 'San Carlos - ANTIOQUIA', '5649', 1),
(91, 'San Francisco - ANTIOQUIA', '5652', 1),
(92, 'San Jerónimo - ANTIOQUIA', '5656', 1),
(93, 'San José De La Montaña - ANTIOQUIA', '5658', 1),
(94, 'San Juan De Urabá - ANTIOQUIA', '5659', 1),
(95, 'San Luis - ANTIOQUIA', '5660', 1),
(96, 'San Pedro De Los Milagros - ANTIOQUIA', '5664', 1),
(97, 'San Pedro De Uraba - ANTIOQUIA', '5665', 1),
(98, 'San Rafael - ANTIOQUIA', '5667', 1),
(99, 'San Roque - ANTIOQUIA', '5670', 1),
(100, 'San Vicente - ANTIOQUIA', '5674', 1),
(101, 'Santa Bárbara - ANTIOQUIA', '5679', 1),
(102, 'Santa Rosa De Osos - ANTIOQUIA', '5686', 1),
(103, 'Santo Domingo - ANTIOQUIA', '5690', 1),
(104, 'El Santuario - ANTIOQUIA', '5697', 1),
(105, 'Segovia - ANTIOQUIA', '5736', 1),
(106, 'Sonson - ANTIOQUIA', '5756', 1),
(107, 'Sopetrán - ANTIOQUIA', '5761', 1),
(108, 'Támesis - ANTIOQUIA', '5789', 1),
(109, 'Tarazá - ANTIOQUIA', '5790', 1),
(110, 'Tarso - ANTIOQUIA', '5792', 1),
(111, 'Titiribí - ANTIOQUIA', '5809', 1),
(112, 'Toledo - ANTIOQUIA', '5819', 1),
(113, 'Turbo - ANTIOQUIA', '5837', 1),
(114, 'Uramita - ANTIOQUIA', '5842', 1),
(115, 'Urrao - ANTIOQUIA', '5847', 1),
(116, 'Valdivia - ANTIOQUIA', '5854', 1),
(117, 'Valparaíso - ANTIOQUIA', '5856', 1),
(118, 'Vegachí - ANTIOQUIA', '5858', 1),
(119, 'Venecia - ANTIOQUIA', '5861', 1),
(120, 'Vigía Del Fuerte - ANTIOQUIA', '5873', 1),
(121, 'Yalí - ANTIOQUIA', '5885', 1),
(122, 'Yarumal - ANTIOQUIA', '5887', 1),
(123, 'Yolombó - ANTIOQUIA', '5890', 1),
(124, 'Yondó - ANTIOQUIA', '5893', 1),
(125, 'Zaragoza - ANTIOQUIA', '5895', 1),
(126, 'Barranquilla - ATLANTICO', '8001', 1),
(127, 'Baranoa - ATLANTICO', '8078', 1),
(128, 'Campo De La Cruz - ATLANTICO', '8137', 1),
(129, 'Candelaria - ATLANTICO', '8141', 1),
(130, 'Galapa - ATLANTICO', '8296', 1),
(131, 'Juan De Acosta - ATLANTICO', '8372', 1),
(132, 'Luruaco - ATLANTICO', '8421', 1),
(133, 'Malambo - ATLANTICO', '8433', 1),
(134, 'Manatí - ATLANTICO', '8436', 1),
(135, 'Palmar De Varela - ATLANTICO', '8520', 1),
(136, 'Piojó - ATLANTICO', '8549', 1),
(137, 'Polonuevo - ATLANTICO', '8558', 1),
(138, 'Ponedera - ATLANTICO', '8560', 1),
(139, 'Puerto Colombia - ATLANTICO', '8573', 1),
(140, 'Repelón - ATLANTICO', '8606', 1),
(141, 'Sabanagrande - ATLANTICO', '8634', 1),
(142, 'Sabanalarga - ATLANTICO', '8638', 1),
(143, 'Santa Lucía - ATLANTICO', '8675', 1),
(144, 'Santo Tomás - ATLANTICO', '8685', 1),
(145, 'Soledad - ATLANTICO', '8758', 1),
(146, 'Suan - ATLANTICO', '8770', 1),
(147, 'Tubará - ATLANTICO', '8832', 1),
(148, 'Usiacurí - ATLANTICO', '8849', 1),
(149, 'Bogotá D.C. - SANTAFE DE BOGOTA', '11001', 1),
(150, 'Cartagena - BOLIVAR', '13001', 1),
(151, 'Achí - BOLIVAR', '13006', 1),
(152, 'Altos Del Rosario - BOLIVAR', '13030', 1),
(153, 'Arenal - BOLIVAR', '13042', 1),
(154, 'Arjona - BOLIVAR', '13052', 1),
(155, 'Arroyohondo - BOLIVAR', '13062', 1),
(156, 'Barranco De Loba - BOLIVAR', '13074', 1),
(157, 'Calamar - BOLIVAR', '13140', 1),
(158, 'Cantagallo - BOLIVAR', '13160', 1),
(159, 'Cicuco - BOLIVAR', '13188', 1),
(160, 'Córdoba - BOLIVAR', '13212', 1),
(161, 'Clemencia - BOLIVAR', '13222', 1),
(162, 'El Carmen De Bolívar - BOLIVAR', '13244', 1),
(163, 'El Guamo - BOLIVAR', '13248', 1),
(164, 'El Peñón - BOLIVAR', '13268', 1),
(165, 'Hatillo De Loba - BOLIVAR', '13300', 1),
(166, 'Magangué - BOLIVAR', '13430', 1),
(167, 'Mahates - BOLIVAR', '13433', 1),
(168, 'Margarita - BOLIVAR', '13440', 1),
(169, 'María La Baja - BOLIVAR', '13442', 1),
(170, 'Montecristo - BOLIVAR', '13458', 1),
(171, 'Mompós - BOLIVAR', '13468', 1),
(172, 'Morales - BOLIVAR', '13473', 1),
(173, 'Norosí - BOLIVAR', '13490', 1),
(174, 'Pinillos - BOLIVAR', '13549', 1),
(175, 'Regidor - BOLIVAR', '13580', 1),
(176, 'Río Viejo - BOLIVAR', '13600', 1),
(177, 'San Cristóbal - BOLIVAR', '13620', 1),
(178, 'San Estanislao - BOLIVAR', '13647', 1),
(179, 'San Fernando - BOLIVAR', '13650', 1),
(180, 'San Jacinto - BOLIVAR', '13654', 1),
(181, 'San Jacinto Del Cauca - BOLIVAR', '13655', 1),
(182, 'San Juan Nepomuceno - BOLIVAR', '13657', 1),
(183, 'San Martín De Loba - BOLIVAR', '13667', 1),
(184, 'San Pablo - BOLIVAR', '13670', 1),
(185, 'Santa Catalina - BOLIVAR', '13673', 1),
(186, 'Santa Rosa - BOLIVAR', '13683', 1),
(187, 'Santa Rosa Del Sur - BOLIVAR', '13688', 1),
(188, 'Simití - BOLIVAR', '13744', 1),
(189, 'Soplaviento - BOLIVAR', '13760', 1),
(190, 'Talaigua Nuevo - BOLIVAR', '13780', 1),
(191, 'Tiquisio - BOLIVAR', '13810', 1),
(192, 'Turbaco - BOLIVAR', '13836', 1),
(193, 'Turbaná - BOLIVAR', '13838', 1),
(194, 'Villanueva - BOLIVAR', '13873', 1),
(195, 'Zambrano - BOLIVAR', '13894', 1),
(196, 'Tunja - BOYACA', '15001', 1),
(197, 'Almeida - BOYACA', '15022', 1),
(198, 'Aquitania - BOYACA', '15047', 1),
(199, 'Arcabuco - BOYACA', '15051', 1),
(200, 'Belén - BOYACA', '15087', 1),
(201, 'Berbeo - BOYACA', '15090', 1),
(202, 'Betéitiva - BOYACA', '15092', 1),
(203, 'Boavita - BOYACA', '15097', 1),
(204, 'Boyacá - BOYACA', '15104', 1),
(205, 'Briceño - BOYACA', '15106', 1),
(206, 'Buenavista - BOYACA', '15109', 1),
(207, 'Busbanzá - BOYACA', '15114', 1),
(208, 'Caldas - BOYACA', '15131', 1),
(209, 'Campohermoso - BOYACA', '15135', 1),
(210, 'Cerinza - BOYACA', '15162', 1),
(211, 'Chinavita - BOYACA', '15172', 1),
(212, 'Chiquinquirá - BOYACA', '15176', 1),
(213, 'Chiscas - BOYACA', '15180', 1),
(214, 'Chita - BOYACA', '15183', 1),
(215, 'Chitaraque - BOYACA', '15185', 1),
(216, 'Chivatá - BOYACA', '15187', 1),
(217, 'Ciénega - BOYACA', '15189', 1),
(218, 'Cómbita - BOYACA', '15204', 1),
(219, 'Coper - BOYACA', '15212', 1),
(220, 'Corrales - BOYACA', '15215', 1),
(221, 'Covarachía - BOYACA', '15218', 1),
(222, 'Cubará - BOYACA', '15223', 1),
(223, 'Cucaita - BOYACA', '15224', 1),
(224, 'Cuítiva - BOYACA', '15226', 1),
(225, 'Chíquiza - BOYACA', '15232', 1),
(226, 'Chivor - BOYACA', '15236', 1),
(227, 'Duitama - BOYACA', '15238', 1),
(228, 'El Cocuy - BOYACA', '15244', 1),
(229, 'El Espino - BOYACA', '15248', 1),
(230, 'Firavitoba - BOYACA', '15272', 1),
(231, 'Floresta - BOYACA', '15276', 1),
(232, 'Gachantivá - BOYACA', '15293', 1),
(233, 'Gameza - BOYACA', '15296', 1),
(234, 'Garagoa - BOYACA', '15299', 1),
(235, 'Guacamayas - BOYACA', '15317', 1),
(236, 'Guateque - BOYACA', '15322', 1),
(237, 'Guayatá - BOYACA', '15325', 1),
(238, 'Güicán - BOYACA', '15332', 1),
(239, 'Iza - BOYACA', '15362', 1),
(240, 'Jenesano - BOYACA', '15367', 1),
(241, 'Jericó - BOYACA', '15368', 1),
(242, 'Labranzagrande - BOYACA', '15377', 1),
(243, 'La Capilla - BOYACA', '15380', 1),
(244, 'La Victoria - BOYACA', '15401', 1),
(245, 'La Uvita - BOYACA', '15403', 1),
(246, 'Villa De Leyva - BOYACA', '15407', 1),
(247, 'Macanal - BOYACA', '15425', 1),
(248, 'Maripí - BOYACA', '15442', 1),
(249, 'Miraflores - BOYACA', '15455', 1),
(250, 'Mongua - BOYACA', '15464', 1),
(251, 'Monguí - BOYACA', '15466', 1),
(252, 'Moniquirá - BOYACA', '15469', 1),
(253, 'Motavita - BOYACA', '15476', 1),
(254, 'Muzo - BOYACA', '15480', 1),
(255, 'Nobsa - BOYACA', '15491', 1),
(256, 'Nuevo Colón - BOYACA', '15494', 1),
(257, 'Oicatá - BOYACA', '15500', 1),
(258, 'Otanche - BOYACA', '15507', 1),
(259, 'Pachavita - BOYACA', '15511', 1),
(260, 'Páez - BOYACA', '15514', 1),
(261, 'Paipa - BOYACA', '15516', 1),
(262, 'Pajarito - BOYACA', '15518', 1),
(263, 'Panqueba - BOYACA', '15522', 1),
(264, 'Pauna - BOYACA', '15531', 1),
(265, 'Paya - BOYACA', '15533', 1),
(266, 'Paz De Río - BOYACA', '15537', 1),
(267, 'Pesca - BOYACA', '15542', 1),
(268, 'Pisba - BOYACA', '15550', 1),
(269, 'Puerto Boyacá - BOYACA', '15572', 1),
(270, 'Quípama - BOYACA', '15580', 1),
(271, 'Ramiriquí - BOYACA', '15599', 1),
(272, 'Ráquira - BOYACA', '15600', 1),
(273, 'Rondón - BOYACA', '15621', 1),
(274, 'Saboyá - BOYACA', '15632', 1),
(275, 'Sáchica - BOYACA', '15638', 1),
(276, 'Samacá - BOYACA', '15646', 1),
(277, 'San Eduardo - BOYACA', '15660', 1),
(278, 'San José De Pare - BOYACA', '15664', 1),
(279, 'San Luis De Gaceno - BOYACA', '15667', 1),
(280, 'San Mateo - BOYACA', '15673', 1),
(281, 'San Miguel De Sema - BOYACA', '15676', 1),
(282, 'San Pablo De Borbur - BOYACA', '15681', 1),
(283, 'Santana - BOYACA', '15686', 1),
(284, 'Santa María - BOYACA', '15690', 1),
(285, 'Santa Rosa De Viterbo - BOYACA', '15693', 1),
(286, 'Santa Sofía - BOYACA', '15696', 1),
(287, 'Sativanorte - BOYACA', '15720', 1),
(288, 'Sativasur - BOYACA', '15723', 1),
(289, 'Siachoque - BOYACA', '15740', 1),
(290, 'Soatá - BOYACA', '15753', 1),
(291, 'Socotá - BOYACA', '15755', 1),
(292, 'Socha - BOYACA', '15757', 1),
(293, 'Sogamoso - BOYACA', '15759', 1),
(294, 'Somondoco - BOYACA', '15761', 1),
(295, 'Sora - BOYACA', '15762', 1),
(296, 'Sotaquirá - BOYACA', '15763', 1),
(297, 'Soracá - BOYACA', '15764', 1),
(298, 'Susacón - BOYACA', '15774', 1),
(299, 'Sutamarchán - BOYACA', '15776', 1),
(300, 'Sutatenza - BOYACA', '15778', 1),
(301, 'Tasco - BOYACA', '15790', 1),
(302, 'Tenza - BOYACA', '15798', 1),
(303, 'Tibaná - BOYACA', '15804', 1),
(304, 'Tibasosa - BOYACA', '15806', 1),
(305, 'Tinjacá - BOYACA', '15808', 1),
(306, 'Tipacoque - BOYACA', '15810', 1),
(307, 'Toca - BOYACA', '15814', 1),
(308, 'Togüí - BOYACA', '15816', 1),
(309, 'Tópaga - BOYACA', '15820', 1),
(310, 'Tota - BOYACA', '15822', 1),
(311, 'Tununguá - BOYACA', '15832', 1),
(312, 'Turmequé - BOYACA', '15835', 1),
(313, 'Tuta - BOYACA', '15837', 1),
(314, 'Tutazá - BOYACA', '15839', 1),
(315, 'Umbita - BOYACA', '15842', 1),
(316, 'Ventaquemada - BOYACA', '15861', 1),
(317, 'Viracachá - BOYACA', '15879', 1),
(318, 'Zetaquira - BOYACA', '15897', 1),
(319, 'Manizales - CALDAS', '17001', 1),
(320, 'Aguadas - CALDAS', '17013', 1),
(321, 'Anserma - CALDAS', '17042', 1),
(322, 'Aranzazu - CALDAS', '17050', 1),
(323, 'Belalcázar - CALDAS', '17088', 1),
(324, 'Chinchiná - CALDAS', '17174', 1),
(325, 'Filadelfia - CALDAS', '17272', 1),
(326, 'La Dorada - CALDAS', '17380', 1),
(327, 'La Merced - CALDAS', '17388', 1),
(328, 'Manzanares - CALDAS', '17433', 1),
(329, 'Marmato - CALDAS', '17442', 1),
(330, 'Marquetalia - CALDAS', '17444', 1),
(331, 'Marulanda - CALDAS', '17446', 1),
(332, 'Neira - CALDAS', '17486', 1),
(333, 'Norcasia - CALDAS', '17495', 1),
(334, 'Pácora - CALDAS', '17513', 1),
(335, 'Palestina - CALDAS', '17524', 1),
(336, 'Pensilvania - CALDAS', '17541', 1),
(337, 'Riosucio - CALDAS', '17614', 1),
(338, 'Risaralda - CALDAS', '17616', 1),
(339, 'Salamina - CALDAS', '17653', 1),
(340, 'Samaná - CALDAS', '17662', 1),
(341, 'San José - CALDAS', '17665', 1),
(342, 'Supía - CALDAS', '17777', 1),
(343, 'Victoria - CALDAS', '17867', 1),
(344, 'Villamaría - CALDAS', '17873', 1),
(345, 'Viterbo - CALDAS', '17877', 1),
(346, 'Florencia - CAQUETA', '18001', 1),
(347, 'Albania - CAQUETA', '18029', 1),
(348, 'Belén De Los Andaquíes - CAQUETA', '18094', 1),
(349, 'Cartagena Del Chairá - CAQUETA', '18150', 1),
(350, 'Curillo - CAQUETA', '18205', 1),
(351, 'El Doncello - CAQUETA', '18247', 1),
(352, 'El Paujil - CAQUETA', '18256', 1),
(353, 'La Montañita - CAQUETA', '18410', 1),
(354, 'Milán - CAQUETA', '18460', 1),
(355, 'Morelia - CAQUETA', '18479', 1),
(356, 'Puerto Rico - CAQUETA', '18592', 1),
(357, 'San José Del Fragua - CAQUETA', '18610', 1),
(358, 'San Vicente Del Caguán - CAQUETA', '18753', 1),
(359, 'Solano - CAQUETA', '18756', 1),
(360, 'Solita - CAQUETA', '18785', 1),
(361, 'Valparaíso - CAQUETA', '18860', 1),
(362, 'Popayán - CAUCA', '19001', 1),
(363, 'Almaguer - CAUCA', '19022', 1),
(364, 'Argelia - CAUCA', '19050', 1),
(365, 'Balboa - CAUCA', '19075', 1),
(366, 'Bolívar - CAUCA', '19100', 1),
(367, 'Buenos Aires - CAUCA', '19110', 1),
(368, 'Cajibío - CAUCA', '19130', 1),
(369, 'Caldono - CAUCA', '19137', 1),
(370, 'Caloto - CAUCA', '19142', 1),
(371, 'Corinto - CAUCA', '19212', 1),
(372, 'El Tambo - CAUCA', '19256', 1),
(373, 'Florencia - CAUCA', '19290', 1),
(374, 'Guachené - CAUCA', '19300', 1),
(375, 'Guapi - CAUCA', '19318', 1),
(376, 'Inzá - CAUCA', '19355', 1),
(377, 'Jambaló - CAUCA', '19364', 1),
(378, 'La Sierra - CAUCA', '19392', 1),
(379, 'La Vega - CAUCA', '19397', 1),
(380, 'López - CAUCA', '19418', 1),
(381, 'Mercaderes - CAUCA', '19450', 1),
(382, 'Miranda - CAUCA', '19455', 1),
(383, 'Morales - CAUCA', '19473', 1),
(384, 'Padilla - CAUCA', '19513', 1),
(385, 'Paez - CAUCA', '19517', 1),
(386, 'Patía - CAUCA', '19532', 1),
(387, 'Piamonte - CAUCA', '19533', 1),
(388, 'Piendamó - CAUCA', '19548', 1),
(389, 'Puerto Tejada - CAUCA', '19573', 1),
(390, 'Puracé - CAUCA', '19585', 1),
(391, 'Rosas - CAUCA', '19622', 1),
(392, 'San Sebastián - CAUCA', '19693', 1),
(393, 'Santander De Quilichao - CAUCA', '19698', 1),
(394, 'Santa Rosa - CAUCA', '19701', 1),
(395, 'Silvia - CAUCA', '19743', 1),
(396, 'Sotara - CAUCA', '19760', 1),
(397, 'Suárez - CAUCA', '19780', 1),
(398, 'Sucre - CAUCA', '19785', 1),
(399, 'Timbío - CAUCA', '19807', 1),
(400, 'Timbiquí - CAUCA', '19809', 1),
(401, 'Toribio - CAUCA', '19821', 1),
(402, 'Totoró - CAUCA', '19824', 1),
(403, 'Villa Rica - CAUCA', '19845', 1),
(404, 'Valledupar - CESAR', '20001', 1),
(405, 'Aguachica - CESAR', '20011', 1),
(406, 'Agustín Codazzi - CESAR', '20013', 1),
(407, 'Astrea - CESAR', '20032', 1),
(408, 'Becerril - CESAR', '20045', 1),
(409, 'Bosconia - CESAR', '20060', 1),
(410, 'Chimichagua - CESAR', '20175', 1),
(411, 'Chiriguaná - CESAR', '20178', 1),
(412, 'Curumaní - CESAR', '20228', 1),
(413, 'El Copey - CESAR', '20238', 1),
(414, 'El Paso - CESAR', '20250', 1),
(415, 'Gamarra - CESAR', '20295', 1),
(416, 'González - CESAR', '20310', 1),
(417, 'La Gloria - CESAR', '20383', 1),
(418, 'La Jagua De Ibirico - CESAR', '20400', 1),
(419, 'Manaure - CESAR', '20443', 1),
(420, 'Pailitas - CESAR', '20517', 1),
(421, 'Pelaya - CESAR', '20550', 1),
(422, 'Pueblo Bello - CESAR', '20570', 1),
(423, 'Río De Oro - CESAR', '20614', 1),
(424, 'La Paz - CESAR', '20621', 1),
(425, 'San Alberto - CESAR', '20710', 1),
(426, 'San Diego - CESAR', '20750', 1),
(427, 'San Martín - CESAR', '20770', 1),
(428, 'Tamalameque - CESAR', '20787', 1),
(429, 'Montería - CORDOBA', '23001', 1),
(430, 'Ayapel - CORDOBA', '23068', 1),
(431, 'Buenavista - CORDOBA', '23079', 1),
(432, 'Canalete - CORDOBA', '23090', 1),
(433, 'Cereté - CORDOBA', '23162', 1),
(434, 'Chimá - CORDOBA', '23168', 1),
(435, 'Chinú - CORDOBA', '23182', 1),
(436, 'Ciénaga De Oro - CORDOBA', '23189', 1),
(437, 'Cotorra - CORDOBA', '23300', 1),
(438, 'La Apartada - CORDOBA', '23350', 1),
(439, 'Lorica - CORDOBA', '23417', 1),
(440, 'Los Córdobas - CORDOBA', '23419', 1),
(441, 'Momil - CORDOBA', '23464', 1),
(442, 'Montelíbano - CORDOBA', '23466', 1),
(443, 'Moñitos - CORDOBA', '23500', 1),
(444, 'Planeta Rica - CORDOBA', '23555', 1),
(445, 'Pueblo Nuevo - CORDOBA', '23570', 1),
(446, 'Puerto Escondido - CORDOBA', '23574', 1),
(447, 'Puerto Libertador - CORDOBA', '23580', 1),
(448, 'Purísima - CORDOBA', '23586', 1),
(449, 'Sahagún - CORDOBA', '23660', 1),
(450, 'San Andrés Sotavento - CORDOBA', '23670', 1),
(451, 'San Antero - CORDOBA', '23672', 1),
(452, 'San Bernardo Del Viento - CORDOBA', '23675', 1),
(453, 'San Carlos - CORDOBA', '23678', 1),
(454, 'San José De Uré - CORDOBA', '23682', 1),
(455, 'San Pelayo - CORDOBA', '23686', 1),
(456, 'Tierralta - CORDOBA', '23807', 1),
(457, 'Tuchín - CORDOBA', '23815', 1),
(458, 'Valencia - CORDOBA', '23855', 1),
(459, 'Agua De Dios - CUNDINAMARCA', '25001', 1),
(460, 'Albán - CUNDINAMARCA', '25019', 1),
(461, 'Anapoima - CUNDINAMARCA', '25035', 1),
(462, 'Anolaima - CUNDINAMARCA', '25040', 1),
(463, 'Arbeláez - CUNDINAMARCA', '25053', 1),
(464, 'Beltrán - CUNDINAMARCA', '25086', 1),
(465, 'Bituima - CUNDINAMARCA', '25095', 1),
(466, 'Bojacá - CUNDINAMARCA', '25099', 1),
(467, 'Cabrera - CUNDINAMARCA', '25120', 1),
(468, 'Cachipay - CUNDINAMARCA', '25123', 1),
(469, 'Cajicá - CUNDINAMARCA', '25126', 1),
(470, 'Caparrapí - CUNDINAMARCA', '25148', 1),
(471, 'Caqueza - CUNDINAMARCA', '25151', 1),
(472, 'Carmen De Carupa - CUNDINAMARCA', '25154', 1),
(473, 'Chaguaní - CUNDINAMARCA', '25168', 1),
(474, 'Chía - CUNDINAMARCA', '25175', 1),
(475, 'Chipaque - CUNDINAMARCA', '25178', 1),
(476, 'Choachí - CUNDINAMARCA', '25181', 1),
(477, 'Chocontá - CUNDINAMARCA', '25183', 1),
(478, 'Cogua - CUNDINAMARCA', '25200', 1),
(479, 'Cota - CUNDINAMARCA', '25214', 1),
(480, 'Cucunubá - CUNDINAMARCA', '25224', 1),
(481, 'El Colegio - CUNDINAMARCA', '25245', 1),
(482, 'El Peñón - CUNDINAMARCA', '25258', 1),
(483, 'El Rosal - CUNDINAMARCA', '25260', 1),
(484, 'Facatativá - CUNDINAMARCA', '25269', 1),
(485, 'Fomeque - CUNDINAMARCA', '25279', 1),
(486, 'Fosca - CUNDINAMARCA', '25281', 1),
(487, 'Funza - CUNDINAMARCA', '25286', 1),
(488, 'Fúquene - CUNDINAMARCA', '25288', 1),
(489, 'Fusagasugá - CUNDINAMARCA', '25290', 1),
(490, 'Gachala - CUNDINAMARCA', '25293', 1),
(491, 'Gachancipá - CUNDINAMARCA', '25295', 1),
(492, 'Gachetá - CUNDINAMARCA', '25297', 1),
(493, 'Gama - CUNDINAMARCA', '25299', 1),
(494, 'Girardot - CUNDINAMARCA', '25307', 1),
(495, 'Granada - CUNDINAMARCA', '25312', 1),
(496, 'Guachetá - CUNDINAMARCA', '25317', 1),
(497, 'Guaduas - CUNDINAMARCA', '25320', 1),
(498, 'Guasca - CUNDINAMARCA', '25322', 1),
(499, 'Guataquí - CUNDINAMARCA', '25324', 1),
(500, 'Guatavita - CUNDINAMARCA', '25326', 1),
(501, 'Guayabal De Siquima - CUNDINAMARCA', '25328', 1),
(502, 'Guayabetal - CUNDINAMARCA', '25335', 1),
(503, 'Gutiérrez - CUNDINAMARCA', '25339', 1),
(504, 'Jerusalén - CUNDINAMARCA', '25368', 1),
(505, 'Junín - CUNDINAMARCA', '25372', 1),
(506, 'La Calera - CUNDINAMARCA', '25377', 1),
(507, 'La Mesa - CUNDINAMARCA', '25386', 1),
(508, 'La Palma - CUNDINAMARCA', '25394', 1),
(509, 'La Peña - CUNDINAMARCA', '25398', 1),
(510, 'La Vega - CUNDINAMARCA', '25402', 1),
(511, 'Lenguazaque - CUNDINAMARCA', '25407', 1),
(512, 'Macheta - CUNDINAMARCA', '25426', 1),
(513, 'Madrid - CUNDINAMARCA', '25430', 1),
(514, 'Manta - CUNDINAMARCA', '25436', 1),
(515, 'Medina - CUNDINAMARCA', '25438', 1),
(516, 'Mosquera - CUNDINAMARCA', '25473', 1),
(517, 'Nariño - CUNDINAMARCA', '25483', 1),
(518, 'Nemocón - CUNDINAMARCA', '25486', 1),
(519, 'Nilo - CUNDINAMARCA', '25488', 1),
(520, 'Nimaima - CUNDINAMARCA', '25489', 1),
(521, 'Nocaima - CUNDINAMARCA', '25491', 1),
(522, 'Venecia - CUNDINAMARCA', '25506', 1),
(523, 'Pacho - CUNDINAMARCA', '25513', 1),
(524, 'Paime - CUNDINAMARCA', '25518', 1),
(525, 'Pandi - CUNDINAMARCA', '25524', 1),
(526, 'Paratebueno - CUNDINAMARCA', '25530', 1),
(527, 'Pasca - CUNDINAMARCA', '25535', 1),
(528, 'Puerto Salgar - CUNDINAMARCA', '25572', 1),
(529, 'Pulí - CUNDINAMARCA', '25580', 1),
(530, 'Quebradanegra - CUNDINAMARCA', '25592', 1),
(531, 'Quetame - CUNDINAMARCA', '25594', 1),
(532, 'Quipile - CUNDINAMARCA', '25596', 1),
(533, 'Apulo - CUNDINAMARCA', '25599', 1),
(534, 'Ricaurte - CUNDINAMARCA', '25612', 1),
(535, 'San Antonio Del Tequendama - CUNDINAMARCA', '25645', 1),
(536, 'San Bernardo - CUNDINAMARCA', '25649', 1),
(537, 'San Cayetano - CUNDINAMARCA', '25653', 1),
(538, 'San Francisco - CUNDINAMARCA', '25658', 1),
(539, 'San Juan De Río Seco - CUNDINAMARCA', '25662', 1),
(540, 'Sasaima - CUNDINAMARCA', '25718', 1),
(541, 'Sesquilé - CUNDINAMARCA', '25736', 1),
(542, 'Sibaté - CUNDINAMARCA', '25740', 1),
(543, 'Silvania - CUNDINAMARCA', '25743', 1),
(544, 'Simijaca - CUNDINAMARCA', '25745', 1),
(545, 'Soacha - CUNDINAMARCA', '25754', 1),
(546, 'Sopó - CUNDINAMARCA', '25758', 1),
(547, 'Subachoque - CUNDINAMARCA', '25769', 1),
(548, 'Suesca - CUNDINAMARCA', '25772', 1),
(549, 'Supatá - CUNDINAMARCA', '25777', 1),
(550, 'Susa - CUNDINAMARCA', '25779', 1),
(551, 'Sutatausa - CUNDINAMARCA', '25781', 1),
(552, 'Tabio - CUNDINAMARCA', '25785', 1),
(553, 'Tausa - CUNDINAMARCA', '25793', 1),
(554, 'Tena - CUNDINAMARCA', '25797', 1),
(555, 'Tenjo - CUNDINAMARCA', '25799', 1),
(556, 'Tibacuy - CUNDINAMARCA', '25805', 1),
(557, 'Tibirita - CUNDINAMARCA', '25807', 1),
(558, 'Tocaima - CUNDINAMARCA', '25815', 1),
(559, 'Tocancipá - CUNDINAMARCA', '25817', 1),
(560, 'Topaipí - CUNDINAMARCA', '25823', 1),
(561, 'Ubalá - CUNDINAMARCA', '25839', 1),
(562, 'Ubaque - CUNDINAMARCA', '25841', 1),
(563, 'Villa De San Diego De Ubate - CUNDINAMARCA', '25843', 1),
(564, 'Une - CUNDINAMARCA', '25845', 1),
(565, 'Útica - CUNDINAMARCA', '25851', 1),
(566, 'Vergara - CUNDINAMARCA', '25862', 1),
(567, 'Vianí - CUNDINAMARCA', '25867', 1),
(568, 'Villagómez - CUNDINAMARCA', '25871', 1),
(569, 'Villapinzón - CUNDINAMARCA', '25873', 1),
(570, 'Villeta - CUNDINAMARCA', '25875', 1),
(571, 'Viotá - CUNDINAMARCA', '25878', 1),
(572, 'Yacopí - CUNDINAMARCA', '25885', 1),
(573, 'Zipacón - CUNDINAMARCA', '25898', 1),
(574, 'Zipaquirá - CUNDINAMARCA', '25899', 1),
(575, 'Quibdó - CHOCO', '27001', 1),
(576, 'Acandí - CHOCO', '27006', 1),
(577, 'Alto Baudó - CHOCO', '27025', 1),
(578, 'Atrato - CHOCO', '27050', 1),
(579, 'Bagadó - CHOCO', '27073', 1),
(580, 'Bahía Solano - CHOCO', '27075', 1),
(581, 'Bajo Baudó - CHOCO', '27077', 1),
(582, 'Bojaya - CHOCO', '27099', 1),
(583, 'El Cantón Del San Pablo - CHOCO', '27135', 1),
(584, 'Carmen Del Darién - CHOCO', '27150', 1),
(585, 'Cértegui - CHOCO', '27160', 1),
(586, 'Condoto - CHOCO', '27205', 1),
(587, 'El Carmen De Atrato - CHOCO', '27245', 1),
(588, 'El Litoral Del San Juan - CHOCO', '27250', 1),
(589, 'Istmina - CHOCO', '27361', 1),
(590, 'Juradó - CHOCO', '27372', 1),
(591, 'Lloró - CHOCO', '27413', 1),
(592, 'Medio Atrato - CHOCO', '27425', 1),
(593, 'Medio Baudó - CHOCO', '27430', 1),
(594, 'Medio San Juan - CHOCO', '27450', 1),
(595, 'Nóvita - CHOCO', '27491', 1),
(596, 'Nuquí - CHOCO', '27495', 1),
(597, 'Río Iró - CHOCO', '27580', 1),
(598, 'Río Quito - CHOCO', '27600', 1),
(599, 'Riosucio - CHOCO', '27615', 1),
(600, 'San José Del Palmar - CHOCO', '27660', 1),
(601, 'Sipí - CHOCO', '27745', 1),
(602, 'Tadó - CHOCO', '27787', 1),
(603, 'Unguía - CHOCO', '27800', 1),
(604, 'Unión Panamericana - CHOCO', '27810', 1),
(605, 'Neiva - HUILA', '41001', 1),
(606, 'Acevedo - HUILA', '41006', 1),
(607, 'Agrado - HUILA', '41013', 1),
(608, 'Aipe - HUILA', '41016', 1),
(609, 'Algeciras - HUILA', '41020', 1),
(610, 'Altamira - HUILA', '41026', 1),
(611, 'Baraya - HUILA', '41078', 1),
(612, 'Campoalegre - HUILA', '41132', 1),
(613, 'Colombia - HUILA', '41206', 1),
(614, 'Elías - HUILA', '41244', 1),
(615, 'Garzón - HUILA', '41298', 1),
(616, 'Gigante - HUILA', '41306', 1),
(617, 'Guadalupe - HUILA', '41319', 1),
(618, 'Hobo - HUILA', '41349', 1),
(619, 'Iquira - HUILA', '41357', 1),
(620, 'Isnos - HUILA', '41359', 1),
(621, 'La Argentina - HUILA', '41378', 1),
(622, 'La Plata - HUILA', '41396', 1),
(623, 'Nátaga - HUILA', '41483', 1),
(624, 'Oporapa - HUILA', '41503', 1),
(625, 'Paicol - HUILA', '41518', 1),
(626, 'Palermo - HUILA', '41524', 1),
(627, 'Palestina - HUILA', '41530', 1),
(628, 'Pital - HUILA', '41548', 1),
(629, 'Pitalito - HUILA', '41551', 1),
(630, 'Rivera - HUILA', '41615', 1),
(631, 'Saladoblanco - HUILA', '41660', 1),
(632, 'San Agustín - HUILA', '41668', 1),
(633, 'Santa María - HUILA', '41676', 1),
(634, 'Suaza - HUILA', '41770', 1),
(635, 'Tarqui - HUILA', '41791', 1),
(636, 'Tesalia - HUILA', '41797', 1),
(637, 'Tello - HUILA', '41799', 1),
(638, 'Teruel - HUILA', '41801', 1),
(639, 'Timaná - HUILA', '41807', 1),
(640, 'Villavieja - HUILA', '41872', 1),
(641, 'Yaguará - HUILA', '41885', 1),
(642, 'Riohacha - LA GUAJIRA', '44001', 1),
(643, 'Albania - LA GUAJIRA', '44035', 1),
(644, 'Barrancas - LA GUAJIRA', '44078', 1),
(645, 'Dibulla - LA GUAJIRA', '44090', 1),
(646, 'Distracción - LA GUAJIRA', '44098', 1),
(647, 'El Molino - LA GUAJIRA', '44110', 1),
(648, 'Fonseca - LA GUAJIRA', '44279', 1),
(649, 'Hatonuevo - LA GUAJIRA', '44378', 1),
(650, 'La Jagua Del Pilar - LA GUAJIRA', '44420', 1),
(651, 'Maicao - LA GUAJIRA', '44430', 1),
(652, 'Manaure - LA GUAJIRA', '44560', 1),
(653, 'San Juan Del Cesar - LA GUAJIRA', '44650', 1),
(654, 'Uribia - LA GUAJIRA', '44847', 1),
(655, 'Urumita - LA GUAJIRA', '44855', 1),
(656, 'Villanueva - LA GUAJIRA', '44874', 1),
(657, 'Santa Marta - MAGDALENA', '47001', 1),
(658, 'Algarrobo - MAGDALENA', '47030', 1),
(659, 'Aracataca - MAGDALENA', '47053', 1),
(660, 'Ariguaní - MAGDALENA', '47058', 1),
(661, 'Cerro San Antonio - MAGDALENA', '47161', 1),
(662, 'Chivolo - MAGDALENA', '47170', 1),
(663, 'Ciénaga - MAGDALENA', '47189', 1),
(664, 'Concordia - MAGDALENA', '47205', 1),
(665, 'El Banco - MAGDALENA', '47245', 1),
(666, 'El Piñon - MAGDALENA', '47258', 1),
(667, 'El Retén - MAGDALENA', '47268', 1),
(668, 'Fundación - MAGDALENA', '47288', 1),
(669, 'Guamal - MAGDALENA', '47318', 1),
(670, 'Nueva Granada - MAGDALENA', '47460', 1),
(671, 'Pedraza - MAGDALENA', '47541', 1),
(672, 'Pijiño Del Carmen - MAGDALENA', '47545', 1),
(673, 'Pivijay - MAGDALENA', '47551', 1),
(674, 'Plato - MAGDALENA', '47555', 1),
(675, 'Puebloviejo - MAGDALENA', '47570', 1),
(676, 'Remolino - MAGDALENA', '47605', 1),
(677, 'Sabanas De San Angel - MAGDALENA', '47660', 1),
(678, 'Salamina - MAGDALENA', '47675', 1),
(679, 'San Sebastián De Buenavista - MAGDALENA', '47692', 1),
(680, 'San Zenón - MAGDALENA', '47703', 1),
(681, 'Santa Ana - MAGDALENA', '47707', 1),
(682, 'Santa Bárbara De Pinto - MAGDALENA', '47720', 1),
(683, 'Sitionuevo - MAGDALENA', '47745', 1),
(684, 'Tenerife - MAGDALENA', '47798', 1),
(685, 'Zapayán - MAGDALENA', '47960', 1),
(686, 'Zona Bananera - MAGDALENA', '47980', 1),
(687, 'Villavicencio - META', '50001', 1),
(688, 'Acacías - META', '50006', 1),
(689, 'Barranca De Upía - META', '50110', 1),
(690, 'Cabuyaro - META', '50124', 1),
(691, 'Castilla La Nueva - META', '50150', 1),
(692, 'Cubarral - META', '50223', 1),
(693, 'Cumaral - META', '50226', 1),
(694, 'El Calvario - META', '50245', 1),
(695, 'El Castillo - META', '50251', 1),
(696, 'El Dorado - META', '50270', 1),
(697, 'Fuente De Oro - META', '50287', 1),
(698, 'Granada - META', '50313', 1),
(699, 'Guamal - META', '50318', 1),
(700, 'Mapiripán - META', '50325', 1),
(701, 'Mesetas - META', '50330', 1),
(702, 'La Macarena - META', '50350', 1),
(703, 'Uribe - META', '50370', 1),
(704, 'Lejanías - META', '50400', 1),
(705, 'Puerto Concordia - META', '50450', 1),
(706, 'Puerto Gaitán - META', '50568', 1),
(707, 'Puerto López - META', '50573', 1),
(708, 'Puerto Lleras - META', '50577', 1),
(709, 'Puerto Rico - META', '50590', 1),
(710, 'Restrepo - META', '50606', 1),
(711, 'San Carlos De Guaroa - META', '50680', 1),
(712, 'San Juan De Arama - META', '50683', 1),
(713, 'San Juanito - META', '50686', 1),
(714, 'San Martín - META', '50689', 1),
(715, 'Vistahermosa - META', '50711', 1),
(716, 'Pasto - NARIÑO', '52001', 1),
(717, 'Albán - NARIÑO', '52019', 1),
(718, 'Aldana - NARIÑO', '52022', 1),
(719, 'Ancuyá - NARIÑO', '52036', 1),
(720, 'Arboleda - NARIÑO', '52051', 1),
(721, 'Barbacoas - NARIÑO', '52079', 1),
(722, 'Belén - NARIÑO', '52083', 1),
(723, 'Buesaco - NARIÑO', '52110', 1),
(724, 'Colón - NARIÑO', '52203', 1),
(725, 'Consaca - NARIÑO', '52207', 1),
(726, 'Contadero - NARIÑO', '52210', 1),
(727, 'Córdoba - NARIÑO', '52215', 1),
(728, 'Cuaspud - NARIÑO', '52224', 1),
(729, 'Cumbal - NARIÑO', '52227', 1),
(730, 'Cumbitara - NARIÑO', '52233', 1),
(731, 'Chachagüí - NARIÑO', '52240', 1),
(732, 'El Charco - NARIÑO', '52250', 1),
(733, 'El Peñol - NARIÑO', '52254', 1),
(734, 'El Rosario - NARIÑO', '52256', 1),
(735, 'El Tablón De Gómez - NARIÑO', '52258', 1),
(736, 'El Tambo - NARIÑO', '52260', 1),
(737, 'Funes - NARIÑO', '52287', 1),
(738, 'Guachucal - NARIÑO', '52317', 1),
(739, 'Guaitarilla - NARIÑO', '52320', 1),
(740, 'Gualmatán - NARIÑO', '52323', 1),
(741, 'Iles - NARIÑO', '52352', 1),
(742, 'Imués - NARIÑO', '52354', 1),
(743, 'Ipiales - NARIÑO', '52356', 1),
(744, 'La Cruz - NARIÑO', '52378', 1),
(745, 'La Florida - NARIÑO', '52381', 1),
(746, 'La Llanada - NARIÑO', '52385', 1),
(747, 'La Tola - NARIÑO', '52390', 1),
(748, 'La Unión - NARIÑO', '52399', 1),
(749, 'Leiva - NARIÑO', '52405', 1),
(750, 'Linares - NARIÑO', '52411', 1),
(751, 'Los Andes - NARIÑO', '52418', 1),
(752, 'Magüi - NARIÑO', '52427', 1),
(753, 'Mallama - NARIÑO', '52435', 1),
(754, 'Mosquera - NARIÑO', '52473', 1),
(755, 'Nariño - NARIÑO', '52480', 1),
(756, 'Olaya Herrera - NARIÑO', '52490', 1),
(757, 'Ospina - NARIÑO', '52506', 1),
(758, 'Francisco Pizarro - NARIÑO', '52520', 1),
(759, 'Policarpa - NARIÑO', '52540', 1),
(760, 'Potosí - NARIÑO', '52560', 1),
(761, 'Providencia - NARIÑO', '52565', 1),
(762, 'Puerres - NARIÑO', '52573', 1),
(763, 'Pupiales - NARIÑO', '52585', 1),
(764, 'Ricaurte - NARIÑO', '52612', 1),
(765, 'Roberto Payán - NARIÑO', '52621', 1),
(766, 'Samaniego - NARIÑO', '52678', 1),
(767, 'Sandoná - NARIÑO', '52683', 1),
(768, 'San Bernardo - NARIÑO', '52685', 1),
(769, 'San Lorenzo - NARIÑO', '52687', 1),
(770, 'San Pablo - NARIÑO', '52693', 1),
(771, 'San Pedro De Cartago - NARIÑO', '52694', 1),
(772, 'Santa Bárbara - NARIÑO', '52696', 1),
(773, 'Santacruz - NARIÑO', '52699', 1),
(774, 'Sapuyes - NARIÑO', '52720', 1),
(775, 'Taminango - NARIÑO', '52786', 1),
(776, 'Tangua - NARIÑO', '52788', 1),
(777, 'San Andres De Tumaco - NARIÑO', '52835', 1),
(778, 'Túquerres - NARIÑO', '52838', 1),
(779, 'Yacuanquer - NARIÑO', '52885', 1),
(780, 'Cúcuta - NORTE DE SANTANDER', '54001', 1),
(781, 'Abrego - NORTE DE SANTANDER', '54003', 1),
(782, 'Arboledas - NORTE DE SANTANDER', '54051', 1),
(783, 'Bochalema - NORTE DE SANTANDER', '54099', 1),
(784, 'Bucarasica - NORTE DE SANTANDER', '54109', 1),
(785, 'Cácota - NORTE DE SANTANDER', '54125', 1),
(786, 'Cachirá - NORTE DE SANTANDER', '54128', 1),
(787, 'Chinácota - NORTE DE SANTANDER', '54172', 1),
(788, 'Chitagá - NORTE DE SANTANDER', '54174', 1),
(789, 'Convención - NORTE DE SANTANDER', '54206', 1),
(790, 'Cucutilla - NORTE DE SANTANDER', '54223', 1),
(791, 'Durania - NORTE DE SANTANDER', '54239', 1),
(792, 'El Carmen - NORTE DE SANTANDER', '54245', 1),
(793, 'El Tarra - NORTE DE SANTANDER', '54250', 1),
(794, 'El Zulia - NORTE DE SANTANDER', '54261', 1),
(795, 'Gramalote - NORTE DE SANTANDER', '54313', 1),
(796, 'Hacarí - NORTE DE SANTANDER', '54344', 1),
(797, 'Herrán - NORTE DE SANTANDER', '54347', 1),
(798, 'Labateca - NORTE DE SANTANDER', '54377', 1),
(799, 'La Esperanza - NORTE DE SANTANDER', '54385', 1),
(800, 'La Playa - NORTE DE SANTANDER', '54398', 1),
(801, 'Los Patios - NORTE DE SANTANDER', '54405', 1),
(802, 'Lourdes - NORTE DE SANTANDER', '54418', 1),
(803, 'Mutiscua - NORTE DE SANTANDER', '54480', 1),
(804, 'Ocaña - NORTE DE SANTANDER', '54498', 1),
(805, 'Pamplona - NORTE DE SANTANDER', '54518', 1),
(806, 'Pamplonita - NORTE DE SANTANDER', '54520', 1),
(807, 'Puerto Santander - NORTE DE SANTANDER', '54553', 1),
(808, 'Ragonvalia - NORTE DE SANTANDER', '54599', 1),
(809, 'Salazar - NORTE DE SANTANDER', '54660', 1),
(810, 'San Calixto - NORTE DE SANTANDER', '54670', 1),
(811, 'San Cayetano - NORTE DE SANTANDER', '54673', 1),
(812, 'Santiago - NORTE DE SANTANDER', '54680', 1),
(813, 'Sardinata - NORTE DE SANTANDER', '54720', 1),
(814, 'Silos - NORTE DE SANTANDER', '54743', 1),
(815, 'Teorama - NORTE DE SANTANDER', '54800', 1),
(816, 'Tibú - NORTE DE SANTANDER', '54810', 1),
(817, 'Toledo - NORTE DE SANTANDER', '54820', 1),
(818, 'Villa Caro - NORTE DE SANTANDER', '54871', 1),
(819, 'Villa Del Rosario - NORTE DE SANTANDER', '54874', 1),
(820, 'Armenia - QUINDIO', '63001', 1),
(821, 'Buenavista - QUINDIO', '63111', 1),
(822, 'Calarca - QUINDIO', '63130', 1),
(823, 'Circasia - QUINDIO', '63190', 1),
(824, 'Córdoba - QUINDIO', '63212', 1),
(825, 'Filandia - QUINDIO', '63272', 1),
(826, 'Génova - QUINDIO', '63302', 1),
(827, 'La Tebaida - QUINDIO', '63401', 1),
(828, 'Montenegro - QUINDIO', '63470', 1),
(829, 'Pijao - QUINDIO', '63548', 1),
(830, 'Quimbaya - QUINDIO', '63594', 1),
(831, 'Salento - QUINDIO', '63690', 1),
(832, 'Pereira - RISARALDA', '66001', 1),
(833, 'Apía - RISARALDA', '66045', 1),
(834, 'Balboa - RISARALDA', '66075', 1),
(835, 'Belén De Umbría - RISARALDA', '66088', 1),
(836, 'Dosquebradas - RISARALDA', '66170', 1),
(837, 'Guática - RISARALDA', '66318', 1),
(838, 'La Celia - RISARALDA', '66383', 1),
(839, 'La Virginia - RISARALDA', '66400', 1),
(840, 'Marsella - RISARALDA', '66440', 1),
(841, 'Mistrató - RISARALDA', '66456', 1),
(842, 'Pueblo Rico - RISARALDA', '66572', 1),
(843, 'Quinchía - RISARALDA', '66594', 1),
(844, 'Santa Rosa De Cabal - RISARALDA', '66682', 1),
(845, 'Santuario - RISARALDA', '66687', 1),
(846, 'Bucaramanga - SANTANDER', '68001', 1),
(847, 'Aguada - SANTANDER', '68013', 1),
(848, 'Albania - SANTANDER', '68020', 1),
(849, 'Aratoca - SANTANDER', '68051', 1),
(850, 'Barbosa - SANTANDER', '68077', 1),
(851, 'Barichara - SANTANDER', '68079', 1),
(852, 'Barrancabermeja - SANTANDER', '68081', 1),
(853, 'Betulia - SANTANDER', '68092', 1),
(854, 'Bolívar - SANTANDER', '68101', 1),
(855, 'Cabrera - SANTANDER', '68121', 1),
(856, 'California - SANTANDER', '68132', 1),
(857, 'Capitanejo - SANTANDER', '68147', 1),
(858, 'Carcasí - SANTANDER', '68152', 1),
(859, 'Cepitá - SANTANDER', '68160', 1),
(860, 'Cerrito - SANTANDER', '68162', 1),
(861, 'Charalá - SANTANDER', '68167', 1),
(862, 'Charta - SANTANDER', '68169', 1),
(863, 'Chima - SANTANDER', '68176', 1),
(864, 'Chipatá - SANTANDER', '68179', 1),
(865, 'Cimitarra - SANTANDER', '68190', 1),
(866, 'Concepción - SANTANDER', '68207', 1),
(867, 'Confines - SANTANDER', '68209', 1),
(868, 'Contratación - SANTANDER', '68211', 1),
(869, 'Coromoro - SANTANDER', '68217', 1),
(870, 'Curití - SANTANDER', '68229', 1),
(871, 'El Carmen De Chucurí - SANTANDER', '68235', 1),
(872, 'El Guacamayo - SANTANDER', '68245', 1),
(873, 'El Peñón - SANTANDER', '68250', 1),
(874, 'El Playón - SANTANDER', '68255', 1),
(875, 'Encino - SANTANDER', '68264', 1),
(876, 'Enciso - SANTANDER', '68266', 1),
(877, 'Florián - SANTANDER', '68271', 1),
(878, 'Floridablanca - SANTANDER', '68276', 1),
(879, 'Galán - SANTANDER', '68296', 1),
(880, 'Gambita - SANTANDER', '68298', 1),
(881, 'Girón - SANTANDER', '68307', 1),
(882, 'Guaca - SANTANDER', '68318', 1),
(883, 'Guadalupe - SANTANDER', '68320', 1),
(884, 'Guapotá - SANTANDER', '68322', 1),
(885, 'Guavatá - SANTANDER', '68324', 1),
(886, 'Güepsa - SANTANDER', '68327', 1),
(887, 'Hato - SANTANDER', '68344', 1),
(888, 'Jesús María - SANTANDER', '68368', 1),
(889, 'Jordán - SANTANDER', '68370', 1),
(890, 'La Belleza - SANTANDER', '68377', 1),
(891, 'Landázuri - SANTANDER', '68385', 1),
(892, 'La Paz - SANTANDER', '68397', 1),
(893, 'Lebrija - SANTANDER', '68406', 1),
(894, 'Los Santos - SANTANDER', '68418', 1),
(895, 'Macaravita - SANTANDER', '68425', 1),
(896, 'Málaga - SANTANDER', '68432', 1),
(897, 'Matanza - SANTANDER', '68444', 1),
(898, 'Mogotes - SANTANDER', '68464', 1),
(899, 'Molagavita - SANTANDER', '68468', 1),
(900, 'Ocamonte - SANTANDER', '68498', 1),
(901, 'Oiba - SANTANDER', '68500', 1),
(902, 'Onzaga - SANTANDER', '68502', 1),
(903, 'Palmar - SANTANDER', '68522', 1),
(904, 'Palmas Del Socorro - SANTANDER', '68524', 1),
(905, 'Páramo - SANTANDER', '68533', 1),
(906, 'Piedecuesta - SANTANDER', '68547', 1),
(907, 'Pinchote - SANTANDER', '68549', 1),
(908, 'Puente Nacional - SANTANDER', '68572', 1),
(909, 'Puerto Parra - SANTANDER', '68573', 1),
(910, 'Puerto Wilches - SANTANDER', '68575', 1),
(911, 'Rionegro - SANTANDER', '68615', 1),
(912, 'Sabana De Torres - SANTANDER', '68655', 1),
(913, 'San Andrés - SANTANDER', '68669', 1),
(914, 'San Benito - SANTANDER', '68673', 1),
(915, 'San Gil - SANTANDER', '68679', 1),
(916, 'San Joaquín - SANTANDER', '68682', 1),
(917, 'San José De Miranda - SANTANDER', '68684', 1),
(918, 'San Miguel - SANTANDER', '68686', 1),
(919, 'San Vicente De Chucurí - SANTANDER', '68689', 1),
(920, 'Santa Bárbara - SANTANDER', '68705', 1),
(921, 'Santa Helena Del Opón - SANTANDER', '68720', 1),
(922, 'Simacota - SANTANDER', '68745', 1),
(923, 'Socorro - SANTANDER', '68755', 1),
(924, 'Suaita - SANTANDER', '68770', 1),
(925, 'Sucre - SANTANDER', '68773', 1),
(926, 'Suratá - SANTANDER', '68780', 1),
(927, 'Tona - SANTANDER', '68820', 1),
(928, 'Valle De San José - SANTANDER', '68855', 1),
(929, 'Vélez - SANTANDER', '68861', 1),
(930, 'Vetas - SANTANDER', '68867', 1),
(931, 'Villanueva - SANTANDER', '68872', 1),
(932, 'Zapatoca - SANTANDER', '68895', 1),
(933, 'Sincelejo - SUCRE', '70001', 1),
(934, 'Buenavista - SUCRE', '70110', 1),
(935, 'Caimito - SUCRE', '70124', 1),
(936, 'Coloso - SUCRE', '70204', 1),
(937, 'Corozal - SUCRE', '70215', 1),
(938, 'Coveñas - SUCRE', '70221', 1),
(939, 'Chalán - SUCRE', '70230', 1),
(940, 'El Roble - SUCRE', '70233', 1),
(941, 'Galeras - SUCRE', '70235', 1),
(942, 'Guaranda - SUCRE', '70265', 1),
(943, 'La Unión - SUCRE', '70400', 1),
(944, 'Los Palmitos - SUCRE', '70418', 1),
(945, 'Majagual - SUCRE', '70429', 1),
(946, 'Morroa - SUCRE', '70473', 1),
(947, 'Ovejas - SUCRE', '70508', 1),
(948, 'Palmito - SUCRE', '70523', 1),
(949, 'Sampués - SUCRE', '70670', 1),
(950, 'San Benito Abad - SUCRE', '70678', 1),
(951, 'San Juan De Betulia - SUCRE', '70702', 1),
(952, 'San Marcos - SUCRE', '70708', 1),
(953, 'San Onofre - SUCRE', '70713', 1),
(954, 'San Pedro - SUCRE', '70717', 1),
(955, 'San Luis De Sincé - SUCRE', '70742', 1),
(956, 'Sucre - SUCRE', '70771', 1),
(957, 'Santiago De Tolú - SUCRE', '70820', 1),
(958, 'Tolú Viejo - SUCRE', '70823', 1),
(959, 'Ibagué - TOLIMA', '73001', 1),
(960, 'Alpujarra - TOLIMA', '73024', 1),
(961, 'Alvarado - TOLIMA', '73026', 1),
(962, 'Ambalema - TOLIMA', '73030', 1),
(963, 'Anzoátegui - TOLIMA', '73043', 1),
(964, 'Armero - TOLIMA', '73055', 1),
(965, 'Ataco - TOLIMA', '73067', 1),
(966, 'Cajamarca - TOLIMA', '73124', 1),
(967, 'Carmen De Apicalá - TOLIMA', '73148', 1),
(968, 'Casabianca - TOLIMA', '73152', 1),
(969, 'Chaparral - TOLIMA', '73168', 1),
(970, 'Coello - TOLIMA', '73200', 1),
(971, 'Coyaima - TOLIMA', '73217', 1),
(972, 'Cunday - TOLIMA', '73226', 1),
(973, 'Dolores - TOLIMA', '73236', 1),
(974, 'Espinal - TOLIMA', '73268', 1),
(975, 'Falan - TOLIMA', '73270', 1),
(976, 'Flandes - TOLIMA', '73275', 1),
(977, 'Fresno - TOLIMA', '73283', 1),
(978, 'Guamo - TOLIMA', '73319', 1),
(979, 'Herveo - TOLIMA', '73347', 1),
(980, 'Honda - TOLIMA', '73349', 1),
(981, 'Icononzo - TOLIMA', '73352', 1),
(982, 'Lérida - TOLIMA', '73408', 1),
(983, 'Líbano - TOLIMA', '73411', 1),
(984, 'San Sebastián De Mariquita - TOLIMA', '73443', 1),
(985, 'Melgar - TOLIMA', '73449', 1),
(986, 'Murillo - TOLIMA', '73461', 1),
(987, 'Natagaima - TOLIMA', '73483', 1),
(988, 'Ortega - TOLIMA', '73504', 1),
(989, 'Palocabildo - TOLIMA', '73520', 1),
(990, 'Piedras - TOLIMA', '73547', 1),
(991, 'Planadas - TOLIMA', '73555', 1),
(992, 'Prado - TOLIMA', '73563', 1),
(993, 'Purificación - TOLIMA', '73585', 1),
(994, 'Rioblanco - TOLIMA', '73616', 1),
(995, 'Roncesvalles - TOLIMA', '73622', 1),
(996, 'Rovira - TOLIMA', '73624', 1),
(997, 'Saldaña - TOLIMA', '73671', 1),
(998, 'San Antonio - TOLIMA', '73675', 1),
(999, 'San Luis - TOLIMA', '73678', 1),
(1000, 'Santa Isabel - TOLIMA', '73686', 1),
(1001, 'Suárez - TOLIMA', '73770', 1),
(1002, 'Valle De San Juan - TOLIMA', '73854', 1),
(1003, 'Venadillo - TOLIMA', '73861', 1),
(1004, 'Villahermosa - TOLIMA', '73870', 1),
(1005, 'Villarrica - TOLIMA', '73873', 1),
(1006, 'Cali - VALLE DEL CAUCA', '76001', 1),
(1007, 'Alcalá - VALLE DEL CAUCA', '76020', 1),
(1008, 'Andalucía - VALLE DEL CAUCA', '76036', 1),
(1009, 'Ansermanuevo - VALLE DEL CAUCA', '76041', 1),
(1010, 'Argelia - VALLE DEL CAUCA', '76054', 1),
(1011, 'Bolívar - VALLE DEL CAUCA', '76100', 1),
(1012, 'Buenaventura - VALLE DEL CAUCA', '76109', 1),
(1013, 'Guadalajara De Buga - VALLE DEL CAUCA', '76111', 1),
(1014, 'Bugalagrande - VALLE DEL CAUCA', '76113', 1),
(1015, 'Caicedonia - VALLE DEL CAUCA', '76122', 1),
(1016, 'Calima - VALLE DEL CAUCA', '76126', 1),
(1017, 'Candelaria - VALLE DEL CAUCA', '76130', 1),
(1018, 'Cartago - VALLE DEL CAUCA', '76147', 1),
(1019, 'Dagua - VALLE DEL CAUCA', '76233', 1),
(1020, 'El Águila - VALLE DEL CAUCA', '76243', 1),
(1021, 'El Cairo - VALLE DEL CAUCA', '76246', 1),
(1022, 'El Cerrito - VALLE DEL CAUCA', '76248', 1),
(1023, 'El Dovio - VALLE DEL CAUCA', '76250', 1),
(1024, 'Florida - VALLE DEL CAUCA', '76275', 1),
(1025, 'Ginebra - VALLE DEL CAUCA', '76306', 1),
(1026, 'Guacarí - VALLE DEL CAUCA', '76318', 1),
(1027, 'Jamundí - VALLE DEL CAUCA', '76364', 1),
(1028, 'La Cumbre - VALLE DEL CAUCA', '76377', 1),
(1029, 'La Unión - VALLE DEL CAUCA', '76400', 1),
(1030, 'La Victoria - VALLE DEL CAUCA', '76403', 1),
(1031, 'Obando - VALLE DEL CAUCA', '76497', 1),
(1032, 'Palmira - VALLE DEL CAUCA', '76520', 1),
(1033, 'Pradera - VALLE DEL CAUCA', '76563', 1),
(1034, 'Restrepo - VALLE DEL CAUCA', '76606', 1),
(1035, 'Riofrío - VALLE DEL CAUCA', '76616', 1),
(1036, 'Roldanillo - VALLE DEL CAUCA', '76622', 1),
(1037, 'San Pedro - VALLE DEL CAUCA', '76670', 1),
(1038, 'Sevilla - VALLE DEL CAUCA', '76736', 1),
(1039, 'Toro - VALLE DEL CAUCA', '76823', 1),
(1040, 'Trujillo - VALLE DEL CAUCA', '76828', 1),
(1041, 'Tuluá - VALLE DEL CAUCA', '76834', 1),
(1042, 'Ulloa - VALLE DEL CAUCA', '76845', 1),
(1043, 'Versalles - VALLE DEL CAUCA', '76863', 1),
(1044, 'Vijes - VALLE DEL CAUCA', '76869', 1),
(1045, 'Yotoco - VALLE DEL CAUCA', '76890', 1),
(1046, 'Yumbo - VALLE DEL CAUCA', '76892', 1),
(1047, 'Zarzal - VALLE DEL CAUCA', '76895', 1),
(1048, 'Arauca - ARAUCA', '81001', 1),
(1049, 'Arauquita - ARAUCA', '81065', 1),
(1050, 'Cravo Norte - ARAUCA', '81220', 1),
(1051, 'Fortul - ARAUCA', '81300', 1),
(1052, 'Puerto Rondón - ARAUCA', '81591', 1),
(1053, 'Saravena - ARAUCA', '81736', 1),
(1054, 'Tame - ARAUCA', '81794', 1),
(1055, 'Yopal - CASANARE', '85001', 1),
(1056, 'Aguazul - CASANARE', '85010', 1),
(1057, 'Chameza - CASANARE', '85015', 1),
(1058, 'Hato Corozal - CASANARE', '85125', 1),
(1059, 'La Salina - CASANARE', '85136', 1),
(1060, 'Maní - CASANARE', '85139', 1),
(1061, 'Monterrey - CASANARE', '85162', 1),
(1062, 'Nunchía - CASANARE', '85225', 1),
(1063, 'Orocué - CASANARE', '85230', 1),
(1064, 'Paz De Ariporo - CASANARE', '85250', 1),
(1065, 'Pore - CASANARE', '85263', 1),
(1066, 'Recetor - CASANARE', '85279', 1),
(1067, 'Sabanalarga - CASANARE', '85300', 1),
(1068, 'Sácama - CASANARE', '85315', 1),
(1069, 'San Luis De Palenque - CASANARE', '85325', 1),
(1070, 'Támara - CASANARE', '85400', 1),
(1071, 'Tauramena - CASANARE', '85410', 1),
(1072, 'Trinidad - CASANARE', '85430', 1),
(1073, 'Villanueva - CASANARE', '85440', 1),
(1074, 'Mocoa - PUTUMAYO', '86001', 1),
(1075, 'Colón - PUTUMAYO', '86219', 1),
(1076, 'Orito - PUTUMAYO', '86320', 1),
(1077, 'Puerto Asís - PUTUMAYO', '86568', 1),
(1078, 'Puerto Caicedo - PUTUMAYO', '86569', 1),
(1079, 'Puerto Guzmán - PUTUMAYO', '86571', 1),
(1080, 'Puerto Leguízamo - PUTUMAYO', '86573', 1),
(1081, 'Sibundoy - PUTUMAYO', '86749', 1),
(1082, 'San Francisco - PUTUMAYO', '86755', 1),
(1083, 'San Miguel - PUTUMAYO', '86757', 1),
(1084, 'Santiago - PUTUMAYO', '86760', 1),
(1085, 'Valle Del Guamuez - PUTUMAYO', '86865', 1),
(1086, 'Villagarzón - PUTUMAYO', '86885', 1),
(1087, 'San Andrés - ARCHIPIELAGO DE SAN ANDRES', '88001', 1),
(1088, 'Providencia - ARCHIPIELAGO DE SAN ANDRES', '88564', 1),
(1089, 'Leticia - AMAZONAS', '91001', 1),
(1090, 'El Encanto - AMAZONAS', '91263', 1),
(1091, 'La Chorrera - AMAZONAS', '91405', 1),
(1092, 'La Pedrera - AMAZONAS', '91407', 1),
(1093, 'La Victoria - AMAZONAS', '91430', 1),
(1094, 'Miriti - Paraná - AMAZONAS', '91460', 1),
(1095, 'Puerto Alegría - AMAZONAS', '91530', 1),
(1096, 'Puerto Arica - AMAZONAS', '91536', 1),
(1097, 'Puerto Nariño - AMAZONAS', '91540', 1),
(1098, 'Puerto Santander - AMAZONAS', '91669', 1),
(1099, 'Tarapacá - AMAZONAS', '91798', 1),
(1100, 'Inírida - GUAINIA', '94001', 1),
(1101, 'Barranco Minas - GUAINIA', '94343', 1),
(1102, 'Mapiripana - GUAINIA', '94663', 1),
(1103, 'San Felipe - GUAINIA', '94883', 1),
(1104, 'Puerto Colombia - GUAINIA', '94884', 1),
(1105, 'La Guadalupe - GUAINIA', '94885', 1),
(1106, 'Cacahual - GUAINIA', '94886', 1),
(1107, 'Pana Pana - GUAINIA', '94887', 1),
(1108, 'Morichal - GUAINIA', '94888', 1),
(1109, 'San José Del Guaviare - GUAVIARE', '95001', 1),
(1110, 'Calamar - GUAVIARE', '95015', 1),
(1111, 'El Retorno - GUAVIARE', '95025', 1),
(1112, 'Miraflores - GUAVIARE', '95200', 1),
(1113, 'Mitú - VAUPES', '97001', 1),
(1114, 'Caruru - VAUPES', '97161', 1),
(1115, 'Pacoa - VAUPES', '97511', 1),
(1116, 'Taraira - VAUPES', '97666', 1),
(1117, 'Papunaua - VAUPES', '97777', 1),
(1118, 'Yavaraté - VAUPES', '97889', 1),
(1119, 'Puerto Carreño - VICHADA', '99001', 1),
(1120, 'La Primavera - VICHADA', '99524', 1),
(1121, 'Santa Rosalía - VICHADA', '99624', 1),
(1122, 'Cumaribo - VICHADA', '99773', 1);

--
-- Dumping data for table `componente`
--

INSERT INTO `componente` (`id`, `nombre`, `tipo_componente`, `ayuda`, `link`, `estado_id`) VALUES
(1, 'Búsqueda', 2, 'Ayuda Búsqueda', 'busqueda', 1),
(2, 'Campo formulario', 1, 'Ayuda Campo formulario', 'campo-formulario', 1),
(3, 'Cargos', 1, 'Ayuda Cargos', 'cargos', 1),
(4, 'Ciudades', 1, 'Ayuda Ciudades', 'ciudades', 1),
(5, 'Contactos', 1, 'Ayuda Contactos', 'contactos', 1),
(6, 'Correspondencia', 2, 'Ayuda Correspondencia', 'correspondencia', 0),
(7, 'Documentación', 2, 'Ayuda Documentación', 'documentacion', 0),
(8, 'Empresas', 1, 'Ayuda Empresas', 'empresas', 1),
(9, 'Cuadro de clasificación documental', 1, 'Ayuda Estructura documental', 'estructura-documental', 1),
(10, 'Formularios', 1, 'Ayuda Formularios', 'formularios', 1),
(11, 'Grupos', 1, 'Ayuda Grupos', 'grupos', 1),
(12, 'Listas', 1, 'Ayuda Listas', 'listas', 1),
(13, 'Procesos', 1, 'Ayuda Procesos', 'procesos', 1),
(14, 'Roles', 1, 'Ayuda Roles', 'roles', 1),
(15, 'Sedes', 1, 'Ayuda Sedes', 'sedes', 1),
(16, 'Tabla retención', 1, 'Ayuda Tabla retención', 'tabla-retencion', 1),
(17, 'Terceros', 1, 'Ayuda Terceros', 'terceros', 1),
(18, 'Tipo contactos', 1, 'Ayuda Tipo contactos', 'tipo-contactos', 1),
(20, 'Usuarios', 1, 'Ayuda Usuarios', 'usuarios', 1),
(21, 'Valor documental', 1, 'Ayuda Valor documental', 'valor-documental', 1),
(22, 'Plantillas', 1, 'Generador de plantillas usadas en formatos', 'plantillas', 1),
(23, 'Componentes', 2, 'Componentes del sistema', 'componentes', 0),
(24, 'Auditoría', 1, 'Módulo de Auditoría', 'auditoria', 1),
(25, 'Flujos de trabajo', 1, 'Permite crear flujos de trabajo', 'flujo-trabajo', 1),
(26, 'Pasos de flujo', 1, 'Permite crear los pasos de un flujo', 'pasos-flujo', 1),
(27, 'Licencia', 1, 'Permite comprobar y actualizar la licencia', 'licencia', 1),
(28, 'Permites', 1, 'Permite parametrizar permites y acciones de los formularios', 'permites', 1);

-- Dumping data for table `empresa`
--

INSERT INTO `empresa` (`id`, `nit`, `nombre`, `direccion`, `pbx`, `celular`, `email`, `url`, `imagen`, `estado_id`) VALUES
(1, 900000000, 'EMPRESA', 'DIRECCION', 'TELEFONO', 'CELULAR', 'CORREO-E', 'WEB', NULL, 1);

--
-- Dumping data for table `entidad`
--

INSERT INTO `entidad` (`id`, `nombre`, `descripcion`, `campo_visualizar`, `estado_id`, `campo_busqueda`, `campo`) VALUES
(1, 'Ciudad', 'Ciudad', '-nombre', 1, '-nombre', '1'),
(2, 'Contacto', 'Contacto', '-nombre', 1, '-nombre', '1'),
(3, 'Tercero', 'Tercero', '-nombre', 1, '-identificacion+nombre', '1'),
(4, 'Cargo', 'Cargo', '-nombre', 1, '-nombre', '1'),
(5, 'Proceso', 'Proceso', '-nombre', 1, '-nombre', '1'),
(6, 'Rol', 'Rol', '-nombre', 1, '-nombre', '1'),
(7, 'Usuario', 'Usuario', '-apellido1+apellido2+nombre1+nombre2', 1, '-apellido1+apellido2+nombre1+nombre2', '1'),
(8, 'Sede', 'Sede', '-nombre', 1, '-nombre', '1'),
(9, 'Formulario', 'Formulario', '', 1, '-nombre', '0'),
(10, 'FlujoTrabajo', 'FlujoTrabajo', '-nombre', 1, '-nombre', '0'),
(11, 'Paso', 'Paso', '-nombre', 1, '-nombre', '0'),
(12, 'DetalleLista', 'DetalleLista', '-descripcion', 1, '-descripcion', '0'),
(13, 'FormularioVersion', 'FormularioVersion', '', 1, '-nombre', '0'),
(14, 'Registro', 'Registro', '', 1, '', 1),
(15, 'Grupo', 'Grupo', '-nombre', 1, '-nombre', 1),
(16, 'CampoFormulario', 'CampoFormulario', '-nombre', 1, '-nombre', 1),
(17, 'EstructuraDocumental', 'EstructuraDocumental', '-nombre', 1, '-nombre', '1'),
(18, 'Empresa', 'Empresa', '-nombre', 1, '-nombre', '1'),
(19, 'Permite', 'Permite', '-nombre', 1, '-nombre', '0'),
(20, 'Plantilla', 'Plantilla', '-nombre', 1, '-nombre', '0'),
(21, 'TablaRetencion', 'TablaRetencion', '-nombre', 1, '-nombre', '1'),
(22, 'ValorDocumental', 'ValorDocumental', '-nombre', 1, '-identificacion+nombre', '1');




--
-- Dumping data for table `estructura_documental`
--

INSERT INTO `estructura_documental` (`id`, `codigo_directorio_padre`, `codigo_directorio`, `descripcion`, `idestructura`, `estado_id`, `type`, `version`, `fecha_version`) VALUES
(1, '-1', '', 'EMPRESA DEMOSTRACION', NULL, 1, NULL, NULL, '2020-03-20');


--
-- Dumping data for table `formulario`
--
INSERT INTO `formulario` (`id`, `flujo_trabajo_id`, `tipo_formulario`, `version`, `fecha_version`, `nombre`, `nomenclatura_formulario`, `formulario_transversal`, `permite_tareas`, `genera_pdf_con_firma_digital`, `radicado_electronico`, `tipo_sticker`, `inicio_vigencia`, `fin_vigencia`, `ayuda`, `estado_id`, `tabla_retencion_disposicion_final_conservacion_digital`) VALUES
(5, NULL, 1, NULL, '2020-06-12', 'TAREAS', 'TAREAS', NULL, NULL, 0, 0, 'qr,barras,impreso', '2020-06-12', '2039-01-01', 'Formulario de tareas', 1, NULL);


--
-- Dumping data for table `flujo_trabajo`
--

INSERT INTO `flujo_trabajo` (`id`, `descripcion`, `estado_id`) VALUES
(1, 'Flujo No. 1', 1);

--
-- Dumping data for table `grupo`
--

INSERT INTO `grupo` (`id`, `nombre`, `modo`, `estado_id`) VALUES
(1, 'Administradores', 'U', 1);

--
-- Dumping data for table `permite`
--

INSERT INTO `permite` (`id`, `nombre`, `orden`, `acciones`) VALUES
(1, 'Notificar', 4, NULL),
(2, 'Archivo', 1, '["subir_archivo", "bajar_archivo", "activar_versionamiento", "activar_vigencia", "versionar_archivo", "ver_historico", "bajar_version", "cambiar_archivo", "eliminar_archivo"]'),
(3, 'Compartir', 6, '[\"compartir\", \"reenviar\"]'),
(4, 'Comentario', 10, NULL),
(5, 'Formatos', 7, NULL),
(6, 'Métodos de Autenticación', 11, NULL),
(7, 'Genera PDF sin firma digital', 12, NULL),
(8, 'Sticker', 2, NULL),
(9, 'Relacionados', 8, NULL),
(10, 'Incidencias', 9, NULL),
(11, 'Editar Formulario', 5, NULL),
(12, 'Flujo de Trabajo', 3, NULL);

--
-- Dumping data for table `proceso`
--

INSERT INTO `proceso` (`id`, `sede_id`, `nombre`, `codigo_interno`, `direccion_oficina`, `extension`, `telefono_fijo_oficina`, `estado_id`) VALUES
(1, 1, 'NOMBRE', '1000', 'DIRECCION', 'EXT', 'TELEFONO', 1);

--
-- Dumping data for table `rol`
--

INSERT INTO `rol` (`id`, `nombre`, `estado_id`) VALUES
(1, 'Admin', 1),
(2, 'Usuario', 0),
(4, 'Usuario', 1);

--
-- Dumping data for table `rol_componente`
--

INSERT INTO `rol_componente` (`rol_id`, `componente_id`) VALUES
(1, 1),
(1, 2),
(1, 3),
(1, 4),
(1, 5),
(1, 6),
(1, 7),
(1, 8),
(1, 9),
(1, 10),
(1, 11),
(1, 12),
(1, 13),
(1, 14),
(1, 15),
(1, 16),
(1, 17),
(1, 18),
(1, 20),
(1, 21),
(1, 22),
(1, 23),
(1, 24),
(1, 25),
(1, 26),
(1, 27),
(2, 9),
(2, 10),
(2, 17),
(4, 1),
(4, 2),
(4, 3),
(4, 4),
(4, 5),
(4, 8),
(4, 9),
(4, 10),
(4, 11),
(4, 12),
(4, 13),
(4, 14),
(4, 15),
(4, 16),
(4, 17),
(4, 18),
(4, 20),
(4, 21),
(4, 22),
(4, 24),
(1, 28);

--
-- Dumping data for table `sede`
--

INSERT INTO `sede` (`id`, `empresa_id`, `codigo_interno`, `nombre`, `direccion`, `pbx`, `celular`, `email`, `url`, `estado_id`) VALUES
(1, 1, '123 ', 'NOMBRE', 'DIRECCION', 'TELEFONO', 'CELULAR', 'CORREO-E', 'WEB', 1);

--
-- Dumping data for table `tipo_contacto`
--

INSERT INTO `tipo_contacto` (`id`, `descripcion`, `estado_id`) VALUES
(1, 'Cliente', 1),
(2, 'Proveedores', 1),
(3, 'Empleados', 1);

--
-- Dumping data for table `usuario`
--

INSERT INTO `usuario` (`id`, `cargo_id`, `proceso_id`, `login`, `numero_documento`, `apellido1`, `apellido2`, `nombre1`, `nombre2`, `celular`, `email`, `telefono_fijo_residencia`, `direccion_residencia`, `genero`, `fecha_nacimiento`, `clave`, `imagen`, `estado_id`) VALUES
(1, 1, 1, 'admin', '10000000', 'APELLIDO1', '', 'NOMBRE1', '', 300000000, 'admin@gdocument.co', 3000000, 'DIRECCION', 'O', 'FECHA_NAC', '$2y$13$Y0Gz7XyhgtxtDLWKCPg4TOX2rNLleS0cYJkFmShiE2dRFoAh3YA3y', NULL, 1);

--
-- Dumping data for table `usuario_grupo`
--

INSERT INTO `usuario_grupo` (`usuario_id`, `grupo_id`) VALUES
(1, 1);

--
-- Dumping data for table `usuario_rol`
--

INSERT INTO `usuario_rol` (`usuario_id`, `rol_id`) VALUES
(1, 1);

--
-- Dumping data for table `valor_documental`
--

INSERT INTO `valor_documental` (`id`, `tipo`, `descripcion`, `estado_id`) VALUES
(1, 'valores', 'Primario Legal', 1),
(2, 'valores', 'Primario Fiscal', 1),
(3, 'valores', 'Secundario Historico', 0),
(4, 'valores', 'Secundario Cultural', 1),
(5, 'atributos', 'Tradición del Documento - Físico', 1),
(6, 'atributos', 'Tradición del Documento - Inmaterializado', 1),
(7, 'valores', 'Pruebas', 0),
(8, 'valores', 'Primario - Contable', 0),
(9, 'valores', 'Secundario - Histórico', 1),
(10, 'valores', 'Secundario - Científico', 0),
(11, 'atributos', 'Evidencia NIff', 1);

INSERT INTO `tipo_correspondencia` (`id`, `nombre`, `estado_id`, `consecutivo`, `year`) VALUES
(1, 'N / A', 1, 1, '2020'),
(2, 'Despachada', 1, 1, '2020'),
(3, 'Recibida', 1, 1, '2020'),
(4, 'Interna', 1, 1, '2020');

INSERT INTO `eventos` (`id`, `father`, `name`, `component`, `estado_id`, `icon`, `father_id`) VALUES
(1, 'Responsable del paso', 'Seleccion de responsable unico para el paso', 'UnicoResponsableComponent', 1, 'accessibility_new', 1),
(2, 'Responsable del paso', 'Seleccion del responsable mediante una condicion desde los campos del formulario de inicio', 'CondicionResponsableComponent', 1, 'transfer_within_a_station', 1),
(3, 'Responsable del paso', 'Asignacion de responsable por carga de trabajo desde un grupo de usuarios', 'ResponsableCargaTrabajoComponent', 1, 'sports_kabaddi', 1),
(4, 'Responsable del paso', 'Seleccionar responsable desde los usuarios del sistema', 'ResponsablePasoActualComponent', 1, 'how_to_reg', 1),
(5, 'Responsable del paso', 'Responsable por asignacion manual desde un grupo', 'ResponsableAsignacionGrupoComponent', 1, 'groups', 1),
(6, 'Responsable del paso', 'El responsable del paso es la persona que radico el documento', 'ResponsableRadicadorComponent', 1, 'emoji_people', 1),
(7, 'Responsable del paso', 'Seleccionar responsable desde la lista personalizada de usuarios', 'ResponsableListaComponent', 1, 'engineering', 1),
(8, 'Responsable del paso', 'Responsable por asignacion consecutiva de un grupo', 'ResponsableConsecutivoComponent', 1, 'supervisor_account', 1),
(9, 'Responsable del paso', 'Responsable desde grupo formulario de inicio', 'ResponsableFormularioInicioComponent', 1, 'people_outline', 1),
(10, 'Formulario de datos', 'Especificar un formulario que debe diligenciar el paso', 'FormularioEspecificoComponent', 1, 'list_alt', 2),
(11, 'Formulario de datos', 'Especificar campos del formulario de inicio que deben diligenciar en el paso', 'CamposFormularioComponent', 1, 'quiz', 3),
(12, 'Condiciones', 'Ir al paso por condicion', 'PasoCondicionComponent', 1, 'transform', 4),
(13, 'Condiciones', 'Fin anticipado', 'FinAticipadoComponent', 1, 'power_settings_new', 5),
(14, 'Notificaciones', 'Por email al responsable de este paso', 'EmailPasoComponent', 1, 'present_to_all', 6),
(15, 'Notificaciones', 'Por email al remitente cuando este paso se cumpla', 'RemitenteCumpleComponent', 1, 'mark_email_read', 7),
(16, 'Notificaciones', 'Por email al remitente cuando se cumple un visto bueno', 'VistoBuenoComponent', 1, 'mark_chat_read', 8),
(17, 'Notificaciones', 'A celular, el numero se encuentra en el formulario', 'NotificacionCelularComponent', 1, 'mobile_friendly', 9),
(18, 'Notificaciones', 'Por email al remitente cuando se cumple un visto bueno', 'CumpleVistoComponent', 0, 'devices', 10),
(19, 'Compartir', 'Por email a terceros', 'CompartirEmailComponent', 1, 'contact_mail', 11),
(20, 'Compartir', 'Por email a terceros desde plantilla', 'EmailPlantillaComponent', 1, 'attach_email', 12),
(21, 'Archivo', 'eventos de archivos', 'ArchivoComponent', 1, 'emoji_events', 13),
(22, 'Acciones', 'Enviar visto bueno a un usuario del sistema', 'EnviarVistoComponent', 1, 'preview', 14),
(23, 'Acciones', 'Reasignar paso a un usuario del sistema', 'ReasignarComponent', 1, 'person_add_alt', 15),
(24, 'Acciones', 'aplazar tarea', 'AplazarTareaComponent', 1, 'remember_me', 16),
(25, 'Acciones', 'Interrumpir proceso', 'StopProcessComponent', 1, 'extension_off', 17),
(26, 'Acciones', 'Especificar si se puede hacer una devolucion de este paso', 'ReturnComponent', 1, 'sync_disabled', 18),
(27, 'Acciones', 'exigir adjuntar archivo', 'AdjuntoArchivoComponent', 1, 'attach_file', 19),
(28, 'Acciones', 'mensaje recordatorio', 'RecordatorioComponent', 1, 'mark_email_unread', 20),
(29, 'Acciones', 'Exigir comentar tarea', 'ComentComponent', 1, 'speaker_notes', 21),
(30, 'Acciones', 'Terminar proceso automaticamente en este paso', 'DoneProcessComponent', 1, 'forward', 22),
(31, 'Acciones', 'Mantener lote al ejecutar el paso anterior', 'LoteComponent', 1, 'reply', 23),
(32, 'Acciones', 'Generar documentos', 'GenerateComponent', 1, 'content_copy', 24),
(33, 'Acciones', 'Aplicacion externa', 'ConectComponent', 1, 'document_scanner', 25),
(34, 'Acciones', 'Ver resumen', 'ResumenComponent', 1, 'visibility', 26),
(35, 'Flujo', 'Iniciar proceso en este paso', 'FlujoComponent', 1, 'all_inclusive', 27);
(36, 'Responsable del paso', 'Asignar responsable desde variable del formulario de inicio', 'ResponsableVariableFormularioComponent', 1, 'man', 1);

COMMIT;
/*
UPDATE gdocument_prod2.auditoria AS a
JOIN gdocument_prod2.usuario AS u
ON u.id = a.usuario_id
SET a.username = u.login
WHERE  a.id > 0;*/

/*!40101 SET CHARACTER_SET_CLIENT=@OLD_CHARACTER_SET_CLIENT */;
/*!40101 SET CHARACTER_SET_RESULTS=@OLD_CHARACTER_SET_RESULTS */;
/*!40101 SET COLLATION_CONNECTION=@OLD_COLLATION_CONNECTION */;